,TRPO,TRPO,PPO,PPO
,Energy,Regular,Energy,Regular
Regular reward,8179.569864947839,8615.137734428581,9350.642151555265,9358.246641737924
Energy reward,10266.509319444123,10779.73764166097,11754.950604035097,11766.567606816963
Episode lentgh,874.738,921.105,999.019,1000.0
